,expert_effort_0,expert_effort_1,expert_effort_2,advanced_effort_0,advanced_effort_1,advanced_effort_2,intermediate_effort_0,intermediate_effort_1,intermediate_effort_2,beginner_effort_0,beginner_effort_1,beginner_effort_2,overall_distribution
count,12000.0,12000.0,12000.0,12000.0,12000.0,12000.0,12000.0,12000.0,12000.0,12000.0,12000.0,12000.0,12000.0
mean,89.47461000000014,90.85739999999979,92.2034000000007,88.20066999999996,89.7481100000002,91.10709000000035,85.62707999999972,87.03253000000066,88.51138000000026,83.02760000000045,85.05998999999974,86.79533999999971,88.13710000000012
std,2.4029328791642484,2.147346804359051,1.7724964462505794,2.657933853352555,2.4361482089713773,2.1090386677919977,2.9939669437228473,2.599165148797297,2.432149880596857,3.2885745645931426,2.765689664413172,2.2408143880802305,3.63181986286399
min,80.77,81.85,83.64,77.0,79.14,82.4,75.71,78.63,79.99,70.36,76.42,77.42,70.36
25%,87.0,90.0,91.065,87.0,87.50750000000001,90.0,83.48499999999999,85.8675,87.0,80.0,83.0,85.7475,86.97
50%,90.0,90.35499999999999,93.0,87.29,90.0,91.205,87.0,87.0,89.235,83.0,85.68,87.0,87.96
75%,90.4025,93.0,93.0,90.0,91.69,93.0,87.0,89.22749999999999,90.0,86.59,87.0,87.30749999999999,90.0
max,94.79,94.97,95.61,95.15,94.96,95.08,93.0,93.0,93.55,93.0,93.0,93.0,95.61
